   6.0000000000000000      ,   1.9458916187514188E+035 ,   1.9994152830168188     
   2605055.0000000000      ,   9.7517663923110496E+037 ,   501.85340185282320     
   6299647.0000000000      ,   1.9484112722888153E+038 ,   1001.7093839980427     
   10395647.000000000      ,   2.9216557465613501E+038 ,   1501.5704206182411     
   14147583.000000000      ,   3.8949124018838585E+038 ,   2001.4377134591816     
   18243583.000000000      ,   4.8681820042357426E+038 ,   2501.3116559299901     
   21995519.000000000      ,   5.8414624188179937E+038 ,   3001.1911515920287     
   26091519.000000000      ,   6.8147538046301490E+038 ,   3501.0762821078965     
   29843455.000000000      ,   7.7880577334859969E+038 ,   4000.9678547654753     
   33939455.000000000      ,   8.7613798032834448E+038 ,   4500.8687446605145     
   37634047.000000000      ,   9.7347238921265807E+038 ,   5000.7809435979307     
   41730047.000000000      ,   1.0708096018521325E+039 ,   5500.7075426989049     
   45481983.000000000      ,   1.1681497626147550E+039 ,   6000.6492834413866     
   49577983.000000000      ,   1.2654931522865484E+039 ,   6500.6076079501054     
   53272575.000000000      ,   1.3628396115297855E+039 ,   7000.5816978621169     
   57368575.000000000      ,   1.4601894844812493E+039 ,   7500.5733206733948     
   61120511.000000000      ,   1.5575430622328066E+039 ,   8000.5839714397662     
   65216511.000000000      ,   1.6549012576848601E+039 ,   8500.6183388427889     
   68911103.000000000      ,   1.7522645823924143E+039 ,   9000.6790502430213     
   73007103.000000000      ,   1.8496339103411170E+039 ,   9500.7705944547724     
   76759039.000000000      ,   1.9470093000308111E+039 ,   10000.893271934843     
   80855039.000000000      ,   2.0443910323255756E+039 ,   10501.048525208860     
   84606975.000000000      ,   2.1417787008914316E+039 ,   11001.234267334339     
   88702975.000000000      ,   2.2391723687784125E+039 ,   11501.450822137989     
   92397567.000000000      ,   2.3365717732216403E+039 ,   12001.696840052173     
   96493567.000000000      ,   2.4339774108069105E+039 ,   12501.974871555181     
   100159487.00000000      ,   2.5313893889367394E+039 ,   13002.285468269294     
   104255487.00000000      ,   2.6288082766828126E+039 ,   13502.631552962323     
   107950079.00000000      ,   2.7262338965385231E+039 ,   14003.012213955459     
   112046079.00000000      ,   2.8236662993290749E+039 ,   14503.427712288345     
   115683327.00000000      ,   2.9211049902720140E+039 ,   15003.875506744702     
   119779327.00000000      ,   3.0185499670292446E+039 ,   15504.355585316005     
   123531263.00000000      ,   3.1160011457182342E+039 ,   16004.867517179262     
   127627263.00000000      ,   3.2134587850272491E+039 ,   16505.412630964514     
   131321855.00000000      ,   3.3109229752940999E+039 ,   17005.991390649247     
   135417855.00000000      ,   3.4083939611968720E+039 ,   17506.605052906823     
   139112447.00000000      ,   3.5058714413983648E+039 ,   18007.252070061106     
   143208447.00000000      ,   3.6033549162357308E+039 ,   18507.929875829974     
   146903039.00000000      ,   3.7008435820076107E+039 ,   19008.634342381160     
   150999039.00000000      ,   3.7983367669841797E+039 ,   19509.362019691824     
   154693631.00000000      ,   3.8958339196974911E+039 ,   20010.110075407436     
   158789631.00000000      ,   3.9933347142742471E+039 ,   20510.876835833787     
   162484223.00000000      ,   4.0908389802491410E+039 ,   21011.661425456372     
   166580223.00000000      ,   4.1883465345450341E+039 ,   21512.462903985979     
   170274815.00000000      ,   4.2858570580339611E+039 ,   22013.279632372603     
   174370815.00000000      ,   4.3833699229664979E+039 ,   22514.108386477958     
   178065407.00000000      ,   4.4808843829171384E+039 ,   23014.945332640124     
   182104063.00000000      ,   4.5783996958640790E+039 ,   23515.786659814730     
   185798655.00000000      ,   4.6759153699864183E+039 ,   24016.629841996109     
   189894655.00000000      ,   4.7734310677236914E+039 ,   24517.473145464435     
   193646591.00000000      ,   4.8709465242055465E+039 ,   25018.315209838307     
   197742591.00000000      ,   4.9684613793523105E+039 ,   25519.154185738626     
   201437183.00000000      ,   5.0659750495190645E+039 ,   26019.987075549048     
   205533183.00000000      ,   5.1634866985528603E+039 ,   26520.809584765051     
   209227775.00000000      ,   5.2609952100512518E+039 ,   27021.615979512993     
   213323775.00000000      ,   5.3584995948332435E+039 ,   27522.401179332101     
   217075711.00000000      ,   5.4559989083166828E+039 ,   28023.160332822474     
   221171711.00000000      ,   5.5534928112564887E+039 ,   28523.891697612053     
   224923647.00000000      ,   5.6509808583806244E+039 ,   29024.592986771426     
   229019647.00000000      ,   5.7484629541324246E+039 ,   29525.263709518927     
   232714239.00000000      ,   5.8459385323600684E+039 ,   30025.900958083250     
   236810239.00000000      ,   5.9434072487825976E+039 ,   30526.502964227930     
   240447487.00000000      ,   6.0408681419963875E+039 ,   31027.064790157532     
   244543487.00000000      ,   6.1383208731588449E+039 ,   31527.584695567184     
   248238079.00000000      ,   6.2357644031096593E+039 ,   32028.057343300974     
   252334079.00000000      ,   6.3331988957154097E+039 ,   32528.483574982150     
   256086015.00000000      ,   6.4306237103391129E+039 ,   33028.860100281570     
   260182015.00000000      ,   6.5280391135358921E+039 ,   33529.188288233665     
   263876607.00000000      ,   6.6254442795668511E+039 ,   34029.463897820773     
   267972607.00000000      ,   6.7228391615649012E+039 ,   34529.686688332236     
   271724543.00000000      ,   6.8202223741054128E+039 ,   35029.849544189092     
   275820543.00000000      ,   6.9175938684704292E+039 ,   35529.952215174570     
   279515135.00000000      ,   7.0149525963658117E+039 ,   36029.989317221160     
   283611135.00000000      ,   7.1122992503948118E+039 ,   36529.964407558204     
   287305727.00000000      ,   7.2096332704564711E+039 ,   37029.874609491781     
   291401727.00000000      ,   7.3069557764227352E+039 ,   37529.725674714980     
   295153663.00000000      ,   7.4042660947301977E+039 ,   38029.514143787645     
   299192319.00000000      ,   7.5015649573432869E+039 ,   38529.243776099182     
   302886911.00000000      ,   7.5988514775046418E+039 ,   39028.910017239425     
   306982911.00000000      ,   7.6961263239626271E+039 ,   39528.516301918346     
   310677503.00000000      ,   7.7933885213960146E+039 ,   40028.057620859319     
   314773503.00000000      ,   7.8906392547339276E+039 ,   40527.540059890882     
   318492671.00000000      ,   7.9878779516069151E+039 ,   41026.960679307806     
   322564095.00000000      ,   8.0851060511500971E+039 ,   41526.326870547615     
   326373375.00000000      ,   8.1823229084534273E+039 ,   42025.635321334594     
   330412031.00000000      ,   8.2795294306298370E+039 ,   42524.890690625682     
   334196735.00000000      ,   8.3767247275221852E+039 ,   43024.088406549337     
   338145279.00000000      ,   8.4739099233592993E+039 ,   43523.234243175721     
   342020095.00000000      ,   8.5710841914104876E+039 ,   44022.323954393272     
   345935871.00000000      ,   8.6682490510497463E+039 ,   44521.365343748599     
   349843455.00000000      ,   8.7654044692851055E+039 ,   45020.358241794034     
   353726463.00000000      ,   8.8625522090860507E+039 ,   45519.311703189298     
   357666815.00000000      ,   8.9596924414969014E+039 ,   46018.226606422730     
   361517055.00000000      ,   9.0568264303300164E+039 ,   46517.109442469322     
   365547519.00000000      ,   9.1539539403154110E+039 ,   47015.959002975971     
   369364991.00000000      ,   9.2510757403237808E+039 ,   47514.779236883704     
   373370879.00000000      ,   9.3481918728114123E+039 ,   48013.570362249171     
   377098239.00000000      ,   9.4453034468422887E+039 ,   48512.338075255466     
   381194239.00000000      ,   9.5424109069532455E+039 ,   49011.084659056003     
   384888831.00000000      ,   9.6395154185894932E+039 ,   49509.816099409400     
   388984831.00000000      ,   9.7366175574431706E+039 ,   50008.535353086314     
   392679423.00000000      ,   9.8337180821538800E+039 ,   50507.246316480581     
   396775423.00000000      ,   9.9308172688496285E+039 ,   51005.950407793243     
   400527359.00000000      ,   1.0027915531510804E+040 ,   51504.649753238940     
   404623359.00000000      ,   1.0125013364815441E+040 ,   52003.346893497655     
   408375295.00000000      ,   1.0222111617514569E+040 ,   52502.046187778004     
   412471295.00000000      ,   1.0319211485884031E+040 ,   53000.753780185587     
   416108543.00000000      ,   1.0416313929238843E+040 ,   53499.474597788692     
   420204543.00000000      ,   1.0513420135014055E+040 ,   53998.214739286370     
   423956479.00000000      ,   1.0610530644549622E+040 ,   54496.976985015506     
   428052479.00000000      ,   1.0707646170266830E+040 ,   54995.764993991404     
   431804415.00000000      ,   1.0804766705070255E+040 ,   55494.578729771769     
   435900415.00000000      ,   1.0901892805404793E+040 ,   55993.421050272875     
   439652351.00000000      ,   1.0999024662396317E+040 ,   56492.292937122467     
   443748351.00000000      ,   1.1096163306336407E+040 ,   56991.199681926417     
   447500287.00000000      ,   1.1193309184314020E+040 ,   57490.143580945885     
   451596287.00000000      ,   1.1290463296730187E+040 ,   57989.129772268054     
   455348223.00000000      ,   1.1387625647589762E+040 ,   58488.158276461982     
   459444223.00000000      ,   1.1484796865004243E+040 ,   58987.232319525574     
   463081471.00000000      ,   1.1581976473722110E+040 ,   59486.349460553960     
   467177471.00000000      ,   1.1679165207164614E+040 ,   59985.513466418844     
   470929407.00000000      ,   1.1776363148194814E+040 ,   60484.724762707177     
   475025407.00000000      ,   1.1873571308790335E+040 ,   60983.988546963847     
   478777343.00000000      ,   1.1970790022138461E+040 ,   61483.306530447902     
   482873343.00000000      ,   1.2068020219738841E+040 ,   61982.683497367136     
   486625279.00000000      ,   1.2165261658223241E+040 ,   62482.118197775621     
   490663935.00000000      ,   1.2262514474991900E+040 ,   62981.611337364746     
   494415871.00000000      ,   1.2359778018420331E+040 ,   63481.159569373260     
   498511871.00000000      ,   1.2457052377248616E+040 ,   63980.763349572640     
   502255615.00000000      ,   1.2554337026815822E+040 ,   64480.419983289925     
   506302463.00000000      ,   1.2651632155657448E+040 ,   64980.130438848617     
   509997055.00000000      ,   1.2748937647541815E+040 ,   65479.894119279619     
   514093055.00000000      ,   1.2846253915614558E+040 ,   65979.713146510272     
   517844991.00000000      ,   1.2943580619614551E+040 ,   66479.585772950071     
   521940991.00000000      ,   1.3040917527738435E+040 ,   66979.510808050603     
   525692927.00000000      ,   1.3138263894181996E+040 ,   67479.484421340923     
   529788927.00000000      ,   1.3235619473806040E+040 ,   67979.505353779401     
   533540863.00000000      ,   1.3332983805477398E+040 ,   68479.571236973410     
   537636863.00000000      ,   1.3430356945670628E+040 ,   68979.682360977822     
   541388799.00000000      ,   1.3527738665436213E+040 ,   69479.837549901626     
   545484799.00000000      ,   1.3625128915237601E+040 ,   69980.036549323733     
   549236735.00000000      ,   1.3722527093977194E+040 ,   70480.276271990369     
   553332735.00000000      ,   1.3819932449304357E+040 ,   70980.552853807982     
   557084671.00000000      ,   1.3917343829101183E+040 ,   71480.860377467339     
   561123327.00000000      ,   1.4014760288666149E+040 ,   71981.193990955479     
   564817919.00000000      ,   1.4112180924105220E+040 ,   72481.549051847775     
   568913919.00000000      ,   1.4209605292377712E+040 ,   72981.923284675111     
   572665855.00000000      ,   1.4307032961454279E+040 ,   73482.314470522877     
   576704511.00000000      ,   1.4404463458079157E+040 ,   73982.720178736476     
   580399103.00000000      ,   1.4501896140040195E+040 ,   74483.137110896656     
   584495103.00000000      ,   1.4599330180641132E+040 ,   74983.561021068701     
   588189695.00000000      ,   1.4696764594618563E+040 ,   75483.986848912653     
   592285695.00000000      ,   1.4794198363906898E+040 ,   75984.409365615720     
   595980287.00000000      ,   1.4891630730046209E+040 ,   76484.824675706826     
   600076287.00000000      ,   1.4989061139289073E+040 ,   76985.229935123993     
   603828223.00000000      ,   1.5086489073525858E+040 ,   77485.622482841936     
   607924223.00000000      ,   1.5183913922339526E+040 ,   77985.999183741951     
   611676159.00000000      ,   1.5281334798351208E+040 ,   78486.355480221799     
   615772159.00000000      ,   1.5378750643838146E+040 ,   78986.685939788294     
   619466751.00000000      ,   1.5476160231509199E+040 ,   79486.984259040444     
   623562751.00000000      ,   1.5573562482317469E+040 ,   79987.244895963711     
   627257343.00000000      ,   1.5670956397987874E+040 ,   80487.462723389835     
   631353343.00000000      ,   1.5768341644158779E+040 ,   80987.636024028267     
   635047935.00000000      ,   1.5865717832330568E+040 ,   81487.762802534329     
   639143935.00000000      ,   1.5963084992222154E+040 ,   81987.843211545143     
   642895871.00000000      ,   1.6060442560116347E+040 ,   82487.874355793741     
   646991871.00000000      ,   1.6157790336470455E+040 ,   82987.855210423382     
   650743807.00000000      ,   1.6255127600311474E+040 ,   83487.782072496906     
   654839807.00000000      ,   1.6352454249021453E+040 ,   83987.654414965669     
   658534399.00000000      ,   1.6449769868110008E+040 ,   84487.470108995694     
   662630399.00000000      ,   1.6547074922269191E+040 ,   84987.231541258123     
   666324991.00000000      ,   1.6644369391106528E+040 ,   85486.938607016651     
   670420991.00000000      ,   1.6741653980640363E+040 ,   85986.594932400898     
   674172927.00000000      ,   1.6838928398337850E+040 ,   86486.199014954123     
   678268927.00000000      ,   1.6936192922056189E+040 ,   86985.752281758527     
   682020863.00000000      ,   1.7033447038141937E+040 ,   87485.252094675932     
   686116863.00000000      ,   1.7130691142852685E+040 ,   87984.700488896211     
   689782783.00000000      ,   1.7227925201641228E+040 ,   88484.097286983975     
   693878783.00000000      ,   1.7325150288903788E+040 ,   88983.448007067724     
   697573375.00000000      ,   1.7422366831287338E+040 ,   89482.754840418056     
   701669375.00000000      ,   1.7519576240129520E+040 ,   89982.025035703875     
   705421311.00000000      ,   1.7616778998436387E+040 ,   90481.261073657559     
   709517311.00000000      ,   1.7713976034693933E+040 ,   90980.467723008682     
   713269247.00000000      ,   1.7811167534373924E+040 ,   91479.645936345318     
   717365247.00000000      ,   1.7908354259976580E+040 ,   91978.799629889560     
   721059839.00000000      ,   1.8005536689725054E+040 ,   92477.931259808669     
   725098495.00000000      ,   1.8102715992056077E+040 ,   92977.046827225800     
   728850431.00000000      ,   1.8199892973222781E+040 ,   93476.150473079208     
   732946431.00000000      ,   1.8297068801758234E+040 ,   93975.248198986839     
   736698367.00000000      ,   1.8394244344451095E+040 ,   94474.344456799052     
   740794367.00000000      ,   1.8491420260700710E+040 ,   94973.442633209022     
   744546303.00000000      ,   1.8588597051443935E+040 ,   95472.545301042192     
   748642303.00000000      ,   1.8685775172029075E+040 ,   95971.654798980002     
   752394239.00000000      ,   1.8782955512774334E+040 ,   96470.775699721198     
   756490239.00000000      ,   1.8880139025790849E+040 ,   96969.912893334738     
   760242175.00000000      ,   1.8977327246615003E+040 ,   97469.074266377676     
   764338175.00000000      ,   1.9074521170327411E+040 ,   97968.264929611425     
   768090111.00000000      ,   1.9171722336906464E+040 ,   98467.492792407313     
   772186111.00000000      ,   1.9268931135027181E+040 ,   98966.759851010909     
   775938047.00000000      ,   1.9366148661033873E+040 ,   99466.071736276732     
   780034047.00000000      ,   1.9463374785472256E+040 ,   99965.427783324019     
   783785983.00000000      ,   1.9560610684238253E+040 ,   100464.83403158654     
   787881983.00000000      ,   1.9657856448922871E+040 ,   100964.29095147824     
   791576575.00000000      ,   1.9755113718660122E+040 ,   101463.80696163642     
   795672575.00000000      ,   1.9852382392030902E+040 ,   101963.38154116982     
   799399935.00000000      ,   1.9949664121085843E+040 ,   102463.02317505585     
   803463167.00000000      ,   2.0046958223248273E+040 ,   102962.72835756198     
   807223295.00000000      ,   2.0144266030329641E+040 ,   103462.50392890841     
   811253759.00000000      ,   2.0241586513685493E+040 ,   103962.34460594895     
   815103999.00000000      ,   2.0338921165464166E+040 ,   104462.25805239847     
   819101695.00000000      ,   2.0436269417481172E+040 ,   104962.24135004582     
   822984703.00000000      ,   2.0533633168889271E+040 ,   105462.30425299179     
   826949631.00000000      ,   2.0631011916509271E+040 ,   105962.44417689418     
   830808063.00000000      ,   2.0728407348053014E+040 ,   106462.66978988743     
   834740223.00000000      ,   2.0825818057712344E+040 ,   106962.97387170220     
   838631423.00000000      ,   2.0923245329695760E+040 ,   107463.36301806863     
   842530815.00000000      ,   2.1020687335354536E+040 ,   107963.82783699663     
   846512127.00000000      ,   2.1118145162893858E+040 ,   108464.37391753792     
   850378751.00000000      ,   2.1215617382771477E+040 ,   108964.99391752422     
   854392831.00000000      ,   2.1313105154638159E+040 ,   109465.69379295374     
   858226687.00000000      ,   2.1410607293874317E+040 ,   109966.46745958773     
   862216191.00000000      ,   2.1508124781194260E+040 ,   110467.31995440183     
   866017279.00000000      ,   2.1605655807096149E+040 ,   110968.24198374487     
   870039551.00000000      ,   2.1703200936396622E+040 ,   111469.23644853062     
   873807871.00000000      ,   2.1800758257457801E+040 ,   111970.29353053440     
   877903871.00000000      ,   2.1898328253943334E+040 ,   112471.41571386601     
   881655807.00000000      ,   2.1995909592690644E+040 ,   112972.59615136581     
   885751807.00000000      ,   2.2093502818387210E+040 ,   113473.83764056367     
   889503743.00000000      ,   2.2191106875703909E+040 ,   113975.13476126020     
   893599743.00000000      ,   2.2288722078051413E+040 ,   114476.48912314122     
   897294335.00000000      ,   2.2386346785829988E+040 ,   114977.89230517743     
   901390335.00000000      ,   2.2483980592903825E+040 ,   115479.34222144420     
   905084927.00000000      ,   2.2581621598336183E+040 ,   115980.82910867814     
   909180927.00000000      ,   2.2679269149559507E+040 ,   116482.34961527438     
   912932863.00000000      ,   2.2776921895262202E+040 ,   116983.89680085941     
   917028863.00000000      ,   2.2874579315989230E+040 ,   117485.46799749789     
   920780799.00000000      ,   2.2972240457719717E+040 ,   117987.05830531240     
   924876799.00000000      ,   2.3069904749280981E+040 ,   118488.66479074435     
   928542719.00000000      ,   2.3167571076789624E+040 ,   118990.28173285798     
   932638719.00000000      ,   2.3265238383309172E+040 ,   119491.90370319854     
   936333311.00000000      ,   2.3362905421042154E+040 ,   119993.52429304390     
   940429311.00000000      ,   2.3460571046058917E+040 ,   120495.13762713992     
   944181247.00000000      ,   2.3558234534226883E+040 ,   120996.73998632182     
   948277247.00000000      ,   2.3655895120169295E+040 ,   121498.32743959350     
   952029183.00000000      ,   2.3753552366015049E+040 ,   121999.89773803696     
   956067839.00000000      ,   2.3851205369451918E+040 ,   122501.44624735179     
   959819775.00000000      ,   2.3948853467323474E+040 ,   123002.96956154837     
   963915775.00000000      ,   2.4046495134081908E+040 ,   123504.45984537121     
   967553023.00000000      ,   2.4144129528974294E+040 ,   124005.91278069020     
   971649023.00000000      ,   2.4241754990412138E+040 ,   124507.31983354114     
   975343615.00000000      ,   2.4339371039699541E+040 ,   125008.67854532876     
   979439615.00000000      ,   2.4436976695193223E+040 ,   125509.98387430618     
   983191551.00000000      ,   2.4534571865610161E+040 ,   126011.23535164131     
   987287551.00000000      ,   2.4632155793056837E+040 ,   126512.42908477220     
   990982143.00000000      ,   2.4729728408746253E+040 ,   127013.56472040692     
   995078143.00000000      ,   2.4827288624756604E+040 ,   127514.63667094921     
   998830079.00000000      ,   2.4924836038001321E+040 ,   128015.64286613537     
   1002926079.0000000      ,   2.5022369695416281E+040 ,   128516.57841100186     
   1006620671.0000000      ,   2.5119889732178909E+040 ,   129017.44399982365     
   1010716671.0000000      ,   2.5217395714726803E+040 ,   129518.23740581234     
   1014411263.0000000      ,   2.5314888105263930E+040 ,   130018.96100286020     
   1018507263.0000000      ,   2.5412366531323602E+040 ,   130519.61287796809     
   1022259199.0000000      ,   2.5509830941043920E+040 ,   131020.19276477185     
   1026355199.0000000      ,   2.5607280650304557E+040 ,   131520.69714961070     
   1030107135.0000000      ,   2.5704715419566571E+040 ,   132021.12480220606     
   1034203135.0000000      ,   2.5802134710845749E+040 ,   132521.47295945621     
   1037897727.0000000      ,   2.5899538824596549E+040 ,   133021.74316450351     
   1041993727.0000000      ,   2.5996927862125859E+040 ,   133521.93593766290     
   1045688319.0000000      ,   2.6094302616399999E+040 ,   134022.05535163122     
   1049784319.0000000      ,   2.6191663547662620E+040 ,   134522.10377023250     
   1053536255.0000000      ,   2.6289011119955656E+040 ,   135022.08357679888     
   1057632255.0000000      ,   2.6386345533421981E+040 ,   135521.99579926961     
   1061269503.0000000      ,   2.6483667232710366E+040 ,   136021.84272137308     
   1065365503.0000000      ,   2.6580976503042613E+040 ,   136521.62580801622     
   1069060095.0000000      ,   2.6678273770860123E+040 ,   137021.34724941384     
   1073156095.0000000      ,   2.6775559833763384E+040 ,   137521.01114206394     
   1076850687.0000000      ,   2.6872835515053182E+040 ,   138020.62171446200     
   1080946687.0000000      ,   2.6970101772636314E+040 ,   138520.18388644364     
   1084641279.0000000      ,   2.7067359164192989E+040 ,   139019.70052226973     
   1088737279.0000000      ,   2.7164608172580539E+040 ,   139519.17410190884     
   1092489215.0000000      ,   2.7261848918053334E+040 ,   140018.60524299068     
   1096585215.0000000      ,   2.7359081949895463E+040 ,   140517.99676665341     
   1100337151.0000000      ,   2.7456307888108927E+040 ,   141017.35185724442     
   1104433151.0000000      ,   2.7553527912199572E+040 ,   141516.67657273807     
   1108127743.0000000      ,   2.7650743166887787E+040 ,   142015.97679244977     
   1112223743.0000000      ,   2.7747955014196557E+040 ,   142515.25951176698     
   1115918335.0000000      ,   2.7845164456820148E+040 ,   143014.52988055506     
   1120014335.0000000      ,   2.7942372363287333E+040 ,   143513.79235960162     
   1123766271.0000000      ,   2.8039579274644286E+040 ,   144013.04972773467     
   1127862271.0000000      ,   2.8136785811199887E+040 ,   144512.30517087766     
   1131614207.0000000      ,   2.8233992738678992E+040 ,   145011.56262181455     
   1135710207.0000000      ,   2.8331201047766470E+040 ,   145510.82716873000     
   1139404799.0000000      ,   2.8428411823180969E+040 ,   146010.10438276880     
   1143500799.0000000      ,   2.8525625947313218E+040 ,   146509.39879591399     
   1147195391.0000000      ,   2.8622844303466459E+040 ,   147008.71494483529     
   1151291391.0000000      ,   2.8720067255881094E+040 ,   147508.05470028144     
   1155043327.0000000      ,   2.8817295326247935E+040 ,   148007.42074167076     
   1159139327.0000000      ,   2.8914528656043188E+040 ,   148506.81379562893     
   1162891263.0000000      ,   2.9011767996242530E+040 ,   149006.23771918769     
   1166987263.0000000      ,   2.9109013967156534E+040 ,   149505.69569827919     
   1170739199.0000000      ,   2.9206267869757646E+040 ,   150005.19441473365     
   1174835199.0000000      ,   2.9303530304852369E+040 ,   150504.73695430974     
   1178587135.0000000      ,   2.9400802292651108E+040 ,   151004.32855683623     
   1182683135.0000000      ,   2.9498083817496060E+040 ,   151503.96914189414     
   1186377727.0000000      ,   2.9595375299791647E+040 ,   152003.66086869218     
   1190473727.0000000      ,   2.9692676212309856E+040 ,   152503.40102937273     
   1194139647.0000000      ,   2.9789987013149734E+040 ,   153003.19197674515     
   1198235647.0000000      ,   2.9887307279915023E+040 ,   153503.03154137061     
   1201987583.0000000      ,   2.9984637952892621E+040 ,   154002.92455258846     
   1206026239.0000000      ,   3.0081978612764775E+040 ,   154502.86885677121     
   1209778175.0000000      ,   3.0179329734402575E+040 ,   155002.86689286982     
   1213874175.0000000      ,   3.0276690441765616E+040 ,   155502.91416151670     
   1217568767.0000000      ,   3.0374060687919300E+040 ,   156003.01042165447     
   1221664767.0000000      ,   3.0471439273486413E+040 ,   156503.14951324879     
   1225416703.0000000      ,   3.0568826306640419E+040 ,   157003.33199188157     
   1229512703.0000000      ,   3.0666221002961935E+040 ,   157503.55382875324     
   1233264639.0000000      ,   3.0763623751508563E+040 ,   158003.81702207439     
   1237360639.0000000      ,   3.0861033941789489E+040 ,   158504.11843634740     
   1241026559.0000000      ,   3.0958451667231760E+040 ,   159004.45855141617     
   1245122559.0000000      ,   3.1055875634744173E+040 ,   159504.83072592871     
   1248817151.0000000      ,   3.1153305375748720E+040 ,   160005.23255325554     
   1252913151.0000000      ,   3.1250739437851563E+040 ,   160505.65657386195     
   1256665087.0000000      ,   3.1348177210026541E+040 ,   161006.09964950080     
   1260761087.0000000      ,   3.1445617683929936E+040 ,   161506.55660129106     
   1264545791.0000000      ,   3.1543060469721162E+040 ,   162007.02542700077     
   1268551679.0000000      ,   3.1640504944005062E+040 ,   162507.50292485522     
   1272369151.0000000      ,   3.1737950679391474E+040 ,   163007.98689976684     
   1276342271.0000000      ,   3.1835396823562954E+040 ,   163508.47297420981     
   1280192511.0000000      ,   3.1932842414710023E+040 ,   164008.95620830421     
   1284190207.0000000      ,   3.2030286601923519E+040 ,   164509.43223175721     
   1288073215.0000000      ,   3.2127728539824365E+040 ,   165009.89670267861     
   1292038143.0000000      ,   3.2225167969067571E+040 ,   165510.34828906541     
   1295953919.0000000      ,   3.2322604407257308E+040 ,   166010.78451331944     
   1299886079.0000000      ,   3.2420037874345389E+040 ,   166511.20547791367     
   1303834623.0000000      ,   3.2517467747353426E+040 ,   167011.60798321402     
   1307734015.0000000      ,   3.2614893706824194E+040 ,   167511.99038847943     
   1311657983.0000000      ,   3.2712314483419281E+040 ,   168012.34617435292     
   1315581951.0000000      ,   3.2809729519102950E+040 ,   168512.67247474758     
   1319538687.0000000      ,   3.2907137488488594E+040 ,   169012.96248244139     
   1323372543.0000000      ,   3.3004538509842009E+040 ,   169513.21680485073     
   1327362047.0000000      ,   3.3101931676488075E+040 ,   170013.43078526726     
   1331163135.0000000      ,   3.3199317474042076E+040 ,   170513.60691782445     
   1335242751.0000000      ,   3.3296694953958213E+040 ,   171013.74033076497     
   1339011071.0000000      ,   3.3394064375570773E+040 ,   171513.83235603684     
   1343066111.0000000      ,   3.3491424590411139E+040 ,   172013.87709507375     
   1346859007.0000000      ,   3.3588775749249076E+040 ,   172513.87532223330     
   1350889471.0000000      ,   3.3686116754740796E+040 ,   173013.82140152762     
   1354649599.0000000      ,   3.3783448435987436E+040 ,   173513.71959124299     
   1358745599.0000000      ,   3.3880770120555824E+040 ,   174013.56643774413     
   1362440191.0000000      ,   3.3978082822680060E+040 ,   174513.36715016526     
   1366536191.0000000      ,   3.4075385839234579E+040 ,   175013.11811723415     
   1370288127.0000000      ,   3.4172679596853992E+040 ,   175512.82153015785     
   1374384127.0000000      ,   3.4269963093101382E+040 ,   176012.47224039288     
   1378136063.0000000      ,   3.4367236555371884E+040 ,   176512.07141584685     
   1382232063.0000000      ,   3.4464498985755143E+040 ,   177011.61393122474     
   1385926655.0000000      ,   3.4561751227132605E+040 ,   177511.10411558888     
   1390022655.0000000      ,   3.4658992835661208E+040 ,   178010.53968934907     
   1393774591.0000000      ,   3.4756224927932515E+040 ,   178509.92638735025     
   1397870591.0000000      ,   3.4853447376099476E+040 ,   179009.26355296650     
   1401622527.0000000      ,   3.4950660982376711E+040 ,   179508.55530639409     
   1405718527.0000000      ,   3.5047865355179404E+040 ,   180007.79963644271     
   1409413119.0000000      ,   3.5145061228624702E+040 ,   180507.00031355815     
   1413509119.0000000      ,   3.5242248275553747E+040 ,   181006.15565744357     
   1417203711.0000000      ,   3.5339427483651856E+040 ,   181505.27074087787     
   1421299711.0000000      ,   3.5436599060338668E+040 ,   182004.34662917402     
   1424994303.0000000      ,   3.5533764168629964E+040 ,   182503.38929561304     
   1429090303.0000000      ,   3.5630923174598045E+040 ,   183002.40062035233     
   1432784895.0000000      ,   3.5728076703939043E+040 ,   183501.38381698442     
   1436880895.0000000      ,   3.5825224589970060E+040 ,   184000.33802942134     
   1440575487.0000000      ,   3.5922367176766833E+040 ,   184499.26502484558     
   1444671487.0000000      ,   3.6019504468933797E+040 ,   184998.16482690559     
   1448423423.0000000      ,   3.6116637162877899E+040 ,   185497.04101236662     
   1452519423.0000000      ,   3.6213765932308212E+040 ,   185995.89704141699     
   1456214015.0000000      ,   3.6310891904093003E+040 ,   186494.73870168309     
   1460310015.0000000      ,   3.6408015971295545E+040 ,   186993.57057996240     
   1464061951.0000000      ,   3.6505138918697843E+040 ,   187492.39670691686     
   1468157951.0000000      ,   3.6602261224628070E+040 ,   187991.21953925316     
   1471852543.0000000      ,   3.6699383278321380E+040 ,   188490.04107609371     
   1475948543.0000000      ,   3.6796505570266018E+040 ,   188988.86383659963     
   1479700479.0000000      ,   3.6893628777461997E+040 ,   189487.69129786160     
   1483796479.0000000      ,   3.6990753813979597E+040 ,   189986.52815456968     
   1487491071.0000000      ,   3.7087881472628393E+040 ,   190485.37847861566     
   1491587071.0000000      ,   3.7185012643853905E+040 ,   190984.24684335216     
   1495339007.0000000      ,   3.7282147807176830E+040 ,   191483.13571161070     
   1499435007.0000000      ,   3.7379287305617898E+040 ,   191982.04684515516     
   1503129599.0000000      ,   3.7476431135533608E+040 ,   192480.98022527239     
   1507225599.0000000      ,   3.7573579631757315E+040 ,   192979.93757167575     
   1510977535.0000000      ,   3.7670733275080753E+040 ,   193478.92135372479     
   1515073535.0000000      ,   3.7767892993921949E+040 ,   193977.93633979998     
   1518768127.0000000      ,   3.7865059565142151E+040 ,   194476.98651988208     
   1522864127.0000000      ,   3.7962233961404862E+040 ,   194976.07688959752     
   1526558719.0000000      ,   3.8059416703381666E+040 ,   195475.21012312992     
   1530654719.0000000      ,   3.8156608255589878E+040 ,   195974.38860625293     
   1534406655.0000000      ,   3.8253808739145681E+040 ,   196473.61296102265     
   1538502655.0000000      ,   3.8351018297247713E+040 ,   196972.88392291116     
   1542254591.0000000      ,   3.8448237161642682E+040 ,   197472.20268217596     
   1546350591.0000000      ,   3.8545465839110338E+040 ,   197971.57184165175     
   1550045183.0000000      ,   3.8642704767269868E+040 ,   198470.99364896270     
   1554141183.0000000      ,   3.8739954348107498E+040 ,   198970.47016872113     
   1557835775.0000000      ,   3.8837214704173034E+040 ,   199470.00203034622     
   1561931775.0000000      ,   3.8934485718729873E+040 ,   199969.58863427554     
   1565683711.0000000      ,   3.9031767275410460E+040 ,   200469.22938284217     
   1569722367.0000000      ,   3.9129059070619977E+040 ,   200968.92271677474     
   1573474303.0000000      ,   3.9226361056302172E+040 ,   201468.66838925504     
   1577570303.0000000      ,   3.9323673562965598E+040 ,   201968.46809778406     
   1581322239.0000000      ,   3.9420997161795105E+040 ,   202468.32477598291     
   1585418239.0000000      ,   3.9518332099035180E+040 ,   202968.23968857003     
   1589112831.0000000      ,   3.9615678513735408E+040 ,   203468.21354970793     
   1593208831.0000000      ,   3.9713035995283424E+040 ,   203968.24425048020     
   1596903423.0000000      ,   3.9810404297329760E+040 ,   204468.33052562919     
   1600999423.0000000      ,   3.9907782716529681E+040 ,   204968.46876275705     
   1604751359.0000000      ,   4.0005171112612622E+040 ,   205468.65824143027     
   1608847359.0000000      ,   4.0102569045520779E+040 ,   205968.89670149988     
   1612599295.0000000      ,   4.0199976643182846E+040 ,   206469.18480001119     
   1616637951.0000000      ,   4.0297393455518247E+040 ,   206969.52022533797     
   1620332543.0000000      ,   4.0394819436452448E+040 ,   207469.90274084016     
   1624428543.0000000      ,   4.0492253687708100E+040 ,   207970.32773294061     
   1628180479.0000000      ,   4.0589695804283656E+040 ,   208470.79312154022     
   1632276479.0000000      ,   4.0687144896646048E+040 ,   208971.29433797274     
   1636028415.0000000      ,   4.0784600715497692E+040 ,   209471.83010183892     
   1640124415.0000000      ,   4.0882062816723059E+040 ,   209972.39813214916     
   1643876351.0000000      ,   4.0979531346277963E+040 ,   210472.99917853659     
   1647972351.0000000      ,   4.1077006007628059E+040 ,   210973.63171799263     
   1651724287.0000000      ,   4.1174486732323670E+040 ,   211474.29539895785     
   1655820287.0000000      ,   4.1271972658330886E+040 ,   211974.98579400245     
   1659572223.0000000      ,   4.1369463075812094E+040 ,   212475.69925738088     
   1663668223.0000000      ,   4.1466956921495072E+040 ,   212976.43032809781     
   1667420159.0000000      ,   4.1564453584940435E+040 ,   213477.17587091980     
   1671516159.0000000      ,   4.1661952435557427E+040 ,   213977.93264711538     
   1675124735.0000000      ,   4.1759453163631619E+040 ,   214478.69906598274     
   1679220735.0000000      ,   4.1856955373847569E+040 ,   214979.47309717088     
   1682972671.0000000      ,   4.1954458734947007E+040 ,   215480.25303932827     
   1687068671.0000000      ,   4.2051962582001118E+040 ,   215981.03547736219     
   1690763263.0000000      ,   4.2149466151371293E+040 ,   216481.81648920380     
   1694859263.0000000      ,   4.2246968730347172E+040 ,   216982.59241435307     
   1698553855.0000000      ,   4.2344469772364960E+040 ,   217483.36044564337     
   1702649855.0000000      ,   4.2441969175924259E+040 ,   217984.12006176583     
   1706401791.0000000      ,   4.2539466790983140E+040 ,   218484.87049210101     
   1710497791.0000000      ,   4.2636962653471955E+040 ,   218985.61192118813     
   1714249727.0000000      ,   4.2734456402611447E+040 ,   219486.34249605509     
   1718345727.0000000      ,   4.2831947671454702E+040 ,   219987.06033205238     
   1722040319.0000000      ,   4.2929435589267218E+040 ,   220487.76095706373     
   1726136319.0000000      ,   4.3026919637360981E+040 ,   220988.44170709321     
   1729830911.0000000      ,   4.3124398922632159E+040 ,   221489.09799513500     
   1733926911.0000000      ,   4.3221873529999762E+040 ,   221989.73025733547     
   1737678847.0000000      ,   4.3319343063063713E+040 ,   222490.33645777294     
   1741774847.0000000      ,   4.3416807900952020E+040 ,   222990.91854365927     
   1745338367.0000000      ,   4.3514267693544033E+040 ,   223491.47471676517     
   1749278719.0000000      ,   4.3611722940277800E+040 ,   223992.00754221820     
   1753161727.0000000      ,   4.3709172559539422E+040 ,   224492.51146481963     
   1757069311.0000000      ,   4.3806616776870317E+040 ,   224992.98764295640     
   1760985087.0000000      ,   4.3904054905495656E+040 ,   225493.43254933413     
   1764859903.0000000      ,   4.4001487603386526E+040 ,   225993.84956331036     
   1768808447.0000000      ,   4.4098914725936047E+040 ,   226494.23794218019     
   1772650495.0000000      ,   4.4196337148780168E+040 ,   226994.60218323395     
   1776689151.0000000      ,   4.4293754614743286E+040 ,   227494.94096561064     
   1780441087.0000000      ,   4.4391167469987858E+040 ,   227995.25606721020     
   1784512511.0000000      ,   4.4488574976056710E+040 ,   228495.54369529622     
   1788231679.0000000      ,   4.4585977279486334E+040 ,   228995.80460248419     
   1792327679.0000000      ,   4.4683373744709589E+040 ,   229496.03552448383     
   1796022271.0000000      ,   4.4780764923952001E+040 ,   229996.23929754060     
   1800118271.0000000      ,   4.4878150764585353E+040 ,   230496.41565135450     
   1803812863.0000000      ,   4.4975532200275088E+040 ,   230996.56938125694     
   1807908863.0000000      ,   4.5072909350747648E+040 ,   231496.70110216617     
   1811660799.0000000      ,   4.5170282693917937E+040 ,   231996.81326866633     
   1815756799.0000000      ,   4.5267652001294837E+040 ,   232496.90470722076     
   1819508735.0000000      ,   4.5365017491809387E+040 ,   232996.97654226524     
   1823604735.0000000      ,   4.5462379059565345E+040 ,   233497.02822991379     
   1827299327.0000000      ,   4.5559737268011234E+040 ,   233997.06266405352     
   1831395327.0000000      ,   4.5657092343029312E+040 ,   234497.08100482187     
   1835089919.0000000      ,   4.5754444962349884E+040 ,   234997.08673306037     
   1839185919.0000000      ,   4.5851795330224921E+040 ,   235497.08089781273     
   1842937855.0000000      ,   4.5949143604710972E+040 ,   235997.06431086169     
   1847033855.0000000      ,   4.6046489423574160E+040 ,   236497.03511176418     
   1850785791.0000000      ,   4.6143832599882928E+040 ,   236996.99234043455     
   1854881791.0000000      ,   4.6241172877542424E+040 ,   237496.93468156259     
   1858576383.0000000      ,   4.6338510623320713E+040 ,   237996.86401887916     
   1862672383.0000000      ,   4.6435846196808496E+040 ,   238496.78219925199     
   1866366975.0000000      ,   4.6533180307819380E+040 ,   238996.69286830330     
   1870462975.0000000      ,   4.6630513525925034E+040 ,   239496.59895136880     
   1874214911.0000000      ,   4.6727846325282798E+040 ,   239996.50288373363     
   1878310911.0000000      ,   4.6825178910119209E+040 ,   240496.40571431088     
   1882062847.0000000      ,   4.6922511382903893E+040 ,   240996.30796938739     
   1886158847.0000000      ,   4.7019843958253322E+040 ,   241496.21075123924     
   1889853439.0000000      ,   4.7117177079925081E+040 ,   241996.11633901761     
   1893949439.0000000      ,   4.7214511486288671E+040 ,   242496.02852500853     
   1897644031.0000000      ,   4.7311847811254463E+040 ,   242995.95056499305     
   1901740031.0000000      ,   4.7409186737167132E+040 ,   243495.88596351226     
   1905377279.0000000      ,   4.7506528506285753E+040 ,   243995.83596481534     
   1909473279.0000000      ,   4.7603873383948448E+040 ,   244495.80193168623     
   1913167871.0000000      ,   4.7701221315304185E+040 ,   244995.78358240848     
   1917263871.0000000      ,   4.7798572510861532E+040 ,   245495.78199815992     
   1921015807.0000000      ,   4.7895927327892809E+040 ,   245995.79901390101     
   1925111807.0000000      ,   4.7993286601083789E+040 ,   246495.83891660077     
   1928863743.0000000      ,   4.8090651130482825E+040 ,   246995.90581532955     
   1932959743.0000000      ,   4.8188021796593765E+040 ,   247496.00423237935     
   1936711679.0000000      ,   4.8285399014543593E+040 ,   247996.13629985371     
   1940807679.0000000      ,   4.8382783179624599E+040 ,   248496.30404798471     
   1944559615.0000000      ,   4.8480174258001291E+040 ,   248996.50730299234     
   1948655615.0000000      ,   4.8577572387523263E+040 ,   249496.74677287592     
   1952407551.0000000      ,   4.8674977644362397E+040 ,   249997.02284885632     
   1956503551.0000000      ,   4.8772390494311023E+040 ,   250497.33792325572     
   1960255487.0000000      ,   4.8869811315989696E+040 ,   250997.69394067975     
   1964351487.0000000      ,   4.8967240518276791E+040 ,   251498.09300113891     
   1968046079.0000000      ,   4.9064677991354598E+040 ,   251998.53454060649     
   1972142079.0000000      ,   4.9162123594285705E+040 ,   252499.01783522402     
   1975836671.0000000      ,   4.9259576956970702E+040 ,   252999.54098415078     
   1979932671.0000000      ,   4.9357037868013628E+040 ,   253500.10290165132     
   1983684607.0000000      ,   4.9454506292755364E+040 ,   254000.70340971544     
   1987780607.0000000      ,   4.9551982417266722E+040 ,   254501.34346400792     
   1991532543.0000000      ,   4.9649466575468109E+040 ,   255002.02477955321     
   1995628543.0000000      ,   4.9746959018375342E+040 ,   255502.74864557537     
   1999323135.0000000      ,   4.9844459677967803E+040 ,   256003.51471271866     
   2003419135.0000000      ,   4.9941968122090305E+040 ,   256504.32076142219     
   2007113727.0000000      ,   5.0039483799978528E+040 ,   257005.16396294523     
   2011209727.0000000      ,   5.0137006035485619E+040 ,   257506.04084457902     
   2014961663.0000000      ,   5.0234534424277140E+040 ,   258006.94932965073     
   2019057663.0000000      ,   5.0332068526453332E+040 ,   258507.88715882314     
   2022809599.0000000      ,   5.0429608153421883E+040 ,   259008.85336348091     
   2026905599.0000000      ,   5.0527152930943713E+040 ,   259509.84602152189     
   2030571519.0000000      ,   5.0624702411223423E+040 ,   260010.86283305657     
   2034667519.0000000      ,   5.0722255759340207E+040 ,   260511.89950990878     
   2038362111.0000000      ,   5.0819812163073094E+040 ,   261012.95188048924     
   2042458111.0000000      ,   5.0917370730472427E+040 ,   261514.01536372004     
   2046210047.0000000      ,   5.1014930940621490E+040 ,   262015.08728415860     
   2050306047.0000000      ,   5.1112492393060104E+040 ,   262516.16558503039     
   2054057983.0000000      ,   5.1210054873874020E+040 ,   263017.24916766607     
   2058153983.0000000      ,   5.1307618054633867E+040 ,   263518.33634524321     
   2061848575.0000000      ,   5.1405181445423056E+040 ,   264019.42460153688     
   2065944575.0000000      ,   5.1502744235407864E+040 ,   264520.50977208273     
   2069639167.0000000      ,   5.1600305350545846E+040 ,   265021.58634056925     
   2073735167.0000000      ,   5.1697863734256483E+040 ,   265522.64888036984     
   2077487103.0000000      ,   5.1795418363498254E+040 ,   266023.69213711517     
   2081583103.0000000      ,   5.1892968701190671E+040 ,   266524.71335234510     
   2085335039.0000000      ,   5.1990514089658077E+040 ,   267025.70914821932     
   2089431039.0000000      ,   5.2088054197593375E+040 ,   267526.67782313551     
   2093125631.0000000      ,   5.2185588231004386E+040 ,   268027.61529912805     
   2097164287.0000000      ,   5.2283115718324769E+040 ,   268528.51915421925     
   2100916223.0000000      ,   5.2380635476802634E+040 ,   269029.38331376284     
   2105012223.0000000      ,   5.2478146898123831E+040 ,   269530.20465344068     
   2108649471.0000000      ,   5.2575649041053911E+040 ,   270030.97833904676     
   2112745471.0000000      ,   5.2673142150765147E+040 ,   270531.70562979265     
   2116440063.0000000      ,   5.2770625489668773E+040 ,   271032.38273740205     
   2120536063.0000000      ,   5.2868099461980231E+040 ,   271533.01173793670     
   2124287999.0000000      ,   5.2965563069763750E+040 ,   272033.58750597108     
   2128383999.0000000      ,   5.3063016252084771E+040 ,   272534.10972854350     
   2132078591.0000000      ,   5.3160457651254219E+040 ,   273034.57143252564     
   2136174591.0000000      ,   5.3257887243323419E+040 ,   273534.97249491641     
   2139811839.0000000      ,   5.3355303588717034E+040 ,   274035.30552201736     
   2143907839.0000000      ,   5.3452707435732255E+040 ,   274535.57435710338     
   2147602431.0000000      ,   5.3550097643461743E+040 ,   275035.77314044302     
   2151698431.0000000      ,   5.3647475321755406E+040 ,   275535.90757225599     
   2155376639.0000000      ,   5.3744839462655762E+040 ,   276035.97247564490     
   2159431679.0000000      ,   5.3842191058390941E+040 ,   276535.97294672066     
   2163199999.0000000      ,   5.3939528547848135E+040 ,   277035.90096756507     
   2167222271.0000000      ,   5.4036852937221373E+040 ,   277535.76170601824     
   2171080703.0000000      ,   5.4134162958214661E+040 ,   278035.54864807712     
   2175070207.0000000      ,   5.4231459934449505E+040 ,   278535.26859189814     
   2178904063.0000000      ,   5.4328743298214042E+040 ,   279034.91862169758     
   2182860799.0000000      ,   5.4426014774693336E+040 ,   279534.50759807334     
   2186727423.0000000      ,   5.4523273717886986E+040 ,   280034.03220314957     
   2190594047.0000000      ,   5.4620521247619102E+040 ,   280533.49818837375     
   2194550783.0000000      ,   5.4717756076134297E+040 ,   281032.89893979876     
   2198384639.0000000      ,   5.4814979230068549E+040 ,   281532.23973025515     
   2202431487.0000000      ,   5.4912189695298312E+040 ,   282031.51535117667     
   2206232575.0000000      ,   5.5009388829963686E+040 ,   282530.73277800804     
   2210254847.0000000      ,   5.5106576459961576E+040 ,   283029.89111655107     
   2213965823.0000000      ,   5.5203754444026186E+040 ,   283528.99991331564     
   2218061823.0000000      ,   5.5300922791886379E+040 ,   284028.05921826960     
   2221756415.0000000      ,   5.5398082806584764E+040 ,   284527.07572387543     
   2225852415.0000000      ,   5.5495234223171536E+040 ,   285026.04806934373     
   2229547007.0000000      ,   5.5592378074540224E+040 ,   285524.98155964410     
   2233643007.0000000      ,   5.5689514340196104E+040 ,   286023.87608951493     
   2237394943.0000000      ,   5.5786644282504003E+040 ,   286522.73814249685     
   2241490943.0000000      ,   5.5883768554371022E+040 ,   287021.57107193850     
   2245128191.0000000      ,   5.5980888566881395E+040 ,   287520.38212520740     
   2249224191.0000000      ,   5.6078004900233749E+040 ,   288019.17428221961     
   2252976127.0000000      ,   5.6175118373559419E+040 ,   288517.95175005618     
   2257072127.0000000      ,   5.6272229225207580E+040 ,   289016.71575288498     
   2260824063.0000000      ,   5.6369337871543532E+040 ,   289515.46842916973     
   2264920063.0000000      ,   5.6466444664224994E+040 ,   290014.21158503403     
   2268671999.0000000      ,   5.6563550453409717E+040 ,   290512.94958691148     
   2272767999.0000000      ,   5.6660656318309299E+040 ,   291011.68797766254     
   2276462591.0000000      ,   5.6757763366885724E+040 ,   291510.43244781042     
   2280558591.0000000      ,   5.6854872784665589E+040 ,   292009.18908625230     
   2284253183.0000000      ,   5.6951985275690528E+040 ,   292507.96150896529     
   2288349183.0000000      ,   5.7049101669746384E+040 ,   293006.75397775235     
   2291986431.0000000      ,   5.7146222161986908E+040 ,   293505.56749492849     
   2296082431.0000000      ,   5.7243347493182585E+040 ,   294004.40586511127     
   2299777023.0000000      ,   5.7340478106637848E+040 ,   294503.27136512444     
   2303873023.0000000      ,   5.7437615142840569E+040 ,   295002.16985254508     
   2307624959.0000000      ,   5.7534759302592636E+040 ,   295501.10492671095     
   2311720959.0000000      ,   5.7631911554327869E+040 ,   296000.08156152471     
   2315415551.0000000      ,   5.7729071980711503E+040 ,   296499.10018155730     
   2319511551.0000000      ,   5.7826241086005184E+040 ,   296998.16337671044     
   2323206143.0000000      ,   5.7923418646885552E+040 ,   297497.26999998913     
   2327302143.0000000      ,   5.8020605082339304E+040 ,   297996.42220332060     
   2331054079.0000000      ,   5.8117800557689957E+040 ,   298495.62083581102     
   2335150079.0000000      ,   5.8215005933985361E+040 ,   298994.87031982577     
   2338902015.0000000      ,   5.8312221760305136E+040 ,   299494.17347545287     
   2342998015.0000000      ,   5.8409448934900624E+040 ,   299993.53491613595     
   2346692607.0000000      ,   5.8506687465807352E+040 ,   300492.95468314557     
   2350788607.0000000      ,   5.8603937656560452E+040 ,   300992.43433544663     
   2354483199.0000000      ,   5.8701199132107120E+040 ,   301491.97194675758     
   2358579199.0000000      ,   5.8798471945746361E+040 ,   301991.56779082358     
   2362331135.0000000      ,   5.8895755924887332E+040 ,   302491.22098121326     
   2366427135.0000000      ,   5.8993051263087934E+040 ,   302990.93251204543     
   2370179071.0000000      ,   5.9090357981007259E+040 ,   303490.70248942566     
   2374275071.0000000      ,   5.9187676220800118E+040 ,   303990.53164346504     
   2378027007.0000000      ,   5.9285005662135513E+040 ,   304490.41832893470     
   2382123007.0000000      ,   5.9382345804101829E+040 ,   304990.35997313884     
   2385874943.0000000      ,   5.9479695918911497E+040 ,   305490.35283814050     
   2389970943.0000000      ,   5.9577055505383378E+040 ,   305990.39434985956     
   2393722879.0000000      ,   5.9674424144656195E+040 ,   306490.48235701304     
   2397818879.0000000      ,   5.9771801720927293E+040 ,   306990.61626483529     
   2401570815.0000000      ,   5.9869188146392341E+040 ,   307490.79562236083     
   2405609471.0000000      ,   5.9966583232010302E+040 ,   307991.01945866976     
   2409304063.0000000      ,   6.0063986593937820E+040 ,   308491.28580233204     
   2413400063.0000000      ,   6.0161397501035706E+040 ,   308991.59089819668     
   2417151999.0000000      ,   6.0258815050580010E+040 ,   309491.93010984862     
   2421247999.0000000      ,   6.0356238192919369E+040 ,   309992.29804624972     
   2424942591.0000000      ,   6.0453666081670881E+040 ,   310492.69036035403     
   2429038591.0000000      ,   6.0551097996145943E+040 ,   310993.10335068515     
   2432704511.0000000      ,   6.0648533350515902E+040 ,   311493.53400841099     
   2436800511.0000000      ,   6.0745971414559659E+040 ,   311993.97858309589     
   2440552447.0000000      ,   6.0843411422096578E+040 ,   312494.43313961511     
   2444648447.0000000      ,   6.0940852256348066E+040 ,   312994.89194216311     
   2448314367.0000000      ,   6.1038292718050107E+040 ,   313495.34883128683     
   2452410367.0000000      ,   6.1135731628606760E+040 ,   313995.79775368527     
   2456104959.0000000      ,   6.1233168054296441E+040 ,   314496.23391373863     
   2460200959.0000000      ,   6.1330601421971491E+040 ,   314996.65436774486     
   2463838207.0000000      ,   6.1428031198309342E+040 ,   315497.05637654447     
   2467934207.0000000      ,   6.1525456928558427E+040 ,   315997.43760452099     
   2471628799.0000000      ,   6.1622877705791406E+040 ,   316497.79339367070     
   2475724799.0000000      ,   6.1720292769452631E+040 ,   316998.11983775889     
   2479419391.0000000      ,   6.1817700742412764E+040 ,   317498.40986381139     
   2483515391.0000000      ,   6.1915100797313150E+040 ,   317998.65922249138     
   2487267327.0000000      ,   6.2012491604826096E+040 ,   318498.86108633538     
   2491363327.0000000      ,   6.2109872938874425E+040 ,   318999.01429420477     
   2495115263.0000000      ,   6.2207244109775252E+040 ,   319499.11530386930     
   2499211263.0000000      ,   6.2304605279816782E+040 ,   319999.16494884557     
   2502905855.0000000      ,   6.2401955701075962E+040 ,   320499.15938778035     
   2507001855.0000000      ,   6.2499295508523490E+040 ,   320999.09931388684     
   2510696447.0000000      ,   6.2596623627453472E+040 ,   321498.97920744593     
   2514792447.0000000      ,   6.2693940368947704E+040 ,   321998.80066618236     
   2518544383.0000000      ,   6.2791244896690069E+040 ,   322498.55939475354     
   2522640383.0000000      ,   6.2888538014944415E+040 ,   322998.25952388073     
   2526392319.0000000      ,   6.2985819634127966E+040 ,   323497.90059346426     
   2530488319.0000000      ,   6.3083090857056307E+040 ,   323997.48826759536     
   2534240255.0000000      ,   6.3180351434617944E+040 ,   324497.02126683050     
   2538278911.0000000      ,   6.3277602132367153E+040 ,   324996.50352307752     
   2541973503.0000000      ,   6.3374842164386346E+040 ,   325495.93099984201     
   2546069503.0000000      ,   6.3472072217909338E+040 ,   325995.30722677585     
   2549821439.0000000      ,   6.3569291716288706E+040 ,   326494.62924220192     
   2553917439.0000000      ,   6.3666501740465511E+040 ,   326993.90259786329     
   2557669375.0000000      ,   6.3763702474659650E+040 ,   327493.12823991838     
   2561765375.0000000      ,   6.3860895390378262E+040 ,   327992.31372606830     
   2565517311.0000000      ,   6.3958080808154594E+040 ,   328491.46070258057     
   2569613311.0000000      ,   6.4055259808749208E+040 ,   328990.57472027122     
   2573365247.0000000      ,   6.4152432438977679E+040 ,   329489.65601958631     
   2577461247.0000000      ,   6.4249599660466889E+040 ,   329988.70953946788     
   2581213183.0000000      ,   6.4346761892923578E+040 ,   330487.73743554135     
   2585309183.0000000      ,   6.4443920458544791E+040 ,   330986.74649864703     
   2589061119.0000000      ,   6.4541076311163452E+040 ,   331485.74162769702     
   2593157119.0000000      ,   6.4638230807891998E+040 ,   331984.72979285812     
   2596851711.0000000      ,   6.4735384906416212E+040 ,   332483.71591283084     
   2600890367.0000000      ,   6.4832539307765172E+040 ,   332982.70358811977     
   2604675071.0000000      ,   6.4929694503153372E+040 ,   333481.69534161611     
   2608680959.0000000      ,   6.5026850823926922E+040 ,   333980.69287512248     
   2612555775.0000000      ,   6.5124009037516170E+040 ,   334479.70013018232     
   2616528895.0000000      ,   6.5221169912246570E+040 ,   334978.72105293622     
   2620379135.0000000      ,   6.5318334882887929E+040 ,   335477.76301240135     
   2624319487.0000000      ,   6.5415504746028210E+040 ,   335976.83009987546     
   2628202495.0000000      ,   6.5512681161507816E+040 ,   336475.93084034440     
   2632110079.0000000      ,   6.5609864412218058E+040 ,   336975.06668674567     
   2636083199.0000000      ,   6.5707055867229069E+040 ,   337474.24467066122     
   2639900671.0000000      ,   6.5804255331673844E+040 ,   337973.46379124868     
   2643906559.0000000      ,   6.5901464243206738E+040 ,   338472.73143234034     
   2647691263.0000000      ,   6.5998682627585635E+040 ,   338972.04772622942     
   2651729919.0000000      ,   6.6095912463429918E+040 ,   339471.42283515935     
   2655481855.0000000      ,   6.6193153685173707E+040 ,   339970.85642238212     
   2659553279.0000000      ,   6.6290408104591167E+040 ,   340470.35779321956     
   2663272447.0000000      ,   6.6387675044976575E+040 ,   340969.92347209243     
   2667368447.0000000      ,   6.6484955807392076E+040 ,   341469.56014129176     
   2671120383.0000000      ,   6.6582249509053828E+040 ,   341969.26326681540     
   2675216383.0000000      ,   6.6679557195669793E+040 ,   342469.03821944818     
   2678968319.0000000      ,   6.6776878352291045E+040 ,   342968.88235439832     
   2683006975.0000000      ,   6.6874214435496383E+040 ,   343468.80315269454     
   2686758911.0000000      ,   6.6971565262440652E+040 ,   343968.79967523908     
   2690854911.0000000      ,   6.7068932414980645E+040 ,   344468.88004649192     
   2694549503.0000000      ,   6.7166314937816460E+040 ,   344969.03936000646     
   2698645503.0000000      ,   6.7263713967815059E+040 ,   345469.28345476277     
   2702397439.0000000      ,   6.7361128414389035E+040 ,   345969.60672947386     
   2706493439.0000000      ,   6.7458558962357205E+040 ,   346470.01270138798     
   2710188031.0000000      ,   6.7556004462855012E+040 ,   346970.49546990532     
   2714284031.0000000      ,   6.7653465999714859E+040 ,   347471.06060161872     
   2718035967.0000000      ,   6.7750942853952662E+040 ,   347971.70440380630     
   2722131967.0000000      ,   6.7848435684161429E+040 ,   348472.43025901978     
   2725826559.0000000      ,   6.7945943058319869E+040 ,   348973.23081235850     
   2729922559.0000000      ,   6.8043465084964666E+040 ,   349474.10662126978     
   2733617151.0000000      ,   6.8141000160830700E+040 ,   349975.04945133999     
   2737713151.0000000      ,   6.8238548274711113E+040 ,   350476.05924501031     
   2741465087.0000000      ,   6.8336108373186185E+040 ,   350977.13059188821     
   2745561087.0000000      ,   6.8433680647472304E+040 ,   351478.26447406621     
   2749313023.0000000      ,   6.8531264413079588E+040 ,   351979.45737598551     
   2753409023.0000000      ,   6.8628859818452801E+040 ,   352480.71006006253     
   2757103615.0000000      ,   6.8726465710451427E+040 ,   352982.01660373586     
   2761199615.0000000      ,   6.8824081596760387E+040 ,   353483.37447846174     
   2764894207.0000000      ,   6.8921705991895445E+040 ,   353984.77605475223     
   2768990207.0000000      ,   6.9019338178332405E+040 ,   354486.21764738346     
   2772742143.0000000      ,   6.9116977033869588E+040 ,   354987.69349269674     
   2776838143.0000000      ,   6.9214621950164091E+040 ,   355489.20046622609     
   2780590079.0000000      ,   6.9312272037444325E+040 ,   355990.73399808031     
   2784628735.0000000      ,   6.9409926582242899E+040 ,   356492.29042387125     
   2788380671.0000000      ,   6.9507584483703859E+040 ,   356993.86408957239     
   2792476671.0000000      ,   6.9605244553909043E+040 ,   357495.44889400352     
   2796171263.0000000      ,   6.9702905410398343E+040 ,   357997.03773681144     
   2800209919.0000000      ,   6.9800565863159166E+040 ,   358498.62450605881     
   2803904511.0000000      ,   6.9898225071252452E+040 ,   359000.20488265954     
   2808000511.0000000      ,   6.9995882350947273E+040 ,   359501.77535495273     
   2811637759.0000000      ,   7.0093537253610183E+040 ,   360003.33361874474     
   2815733759.0000000      ,   7.0191189154949558E+040 ,   360504.87646765652     
   2819428351.0000000      ,   7.0288837334335297E+040 ,   361006.40020051220     
   2823524351.0000000      ,   7.0386480724039504E+040 ,   361507.89933343191     
   2827218943.0000000      ,   7.0484118184923382E+040 ,   362009.36801576742     
   2831314943.0000000      ,   7.0581748477264914E+040 ,   362510.79988027248     
   2834952191.0000000      ,   7.0679370771248028E+040 ,   363012.19066498888     
   2839048191.0000000      ,   7.0776984417493316E+040 ,   363513.53703468613     
   2842742783.0000000      ,   7.0874588812377028E+040 ,   364014.83588913613     
   2846838783.0000000      ,   7.0972183480025456E+040 ,   364516.08478423837     
   2850590719.0000000      ,   7.1069767608612988E+040 ,   365017.27955043421     
   2854686719.0000000      ,   7.1167340527273987E+040 ,   365518.41674213932     
   2858323967.0000000      ,   7.1264901433284243E+040 ,   366019.49223654007     
   2862419967.0000000      ,   7.1362449845031878E+040 ,   366520.50356006465     
   2866114559.0000000      ,   7.1459984980722496E+040 ,   367021.44669739559     
   2870210559.0000000      ,   7.1557507084077998E+040 ,   367522.32290029514     
   2873905151.0000000      ,   7.1655015983774002E+040 ,   368023.13128883671     
   2878001151.0000000      ,   7.1752512145891208E+040 ,   368523.87425682350     
   2881753087.0000000      ,   7.1849995042608465E+040 ,   369024.54909335158     
   2885849087.0000000      ,   7.1947464722834143E+040 ,   369525.15604961576     
   2889601023.0000000      ,   7.2044920362709629E+040 ,   370025.69089425547     
   2893697023.0000000      ,   7.2142361990171623E+040 ,   370526.15377075435     
   2897391615.0000000      ,   7.2239789038772642E+040 ,   371026.54176982265     
   2901372927.0000000      ,   7.2337202289898213E+040 ,   371526.85890467791     
   2905038847.0000000      ,   7.2434601724033508E+040 ,   372027.10507509136     
   2909134847.0000000      ,   7.2531988198502558E+040 ,   372527.28468430281     
   2912886783.0000000      ,   7.2629361309225784E+040 ,   373027.39565694850     
   2916982783.0000000      ,   7.2726721811740721E+040 ,   373527.44187348988     
   2920734719.0000000      ,   7.2824069245306347E+040 ,   374027.42096754845     
   2924830719.0000000      ,   7.2921404449078849E+040 ,   374527.33724905347     
   2928525311.0000000      ,   7.3018727372018868E+040 ,   375027.19045586535     
   2932563967.0000000      ,   7.3116039542714851E+040 ,   375526.98843885632     
   2936315903.0000000      ,   7.3213341137638381E+040 ,   376026.73210438940     
   2940411903.0000000      ,   7.3310633674501847E+040 ,   376526.42924747703     
   2944163839.0000000      ,   7.3407917474643932E+040 ,   377026.08151852351     
   2948259839.0000000      ,   7.3505193490139957E+040 ,   377525.69380741398     
   2952011775.0000000      ,   7.3602461547772140E+040 ,   378025.26522449701     
   2956107775.0000000      ,   7.3699722386419809E+040 ,   378524.79956467717     
   2959802367.0000000      ,   7.3796976126635258E+040 ,   379024.29744711437     
   2963898367.0000000      ,   7.3894224017474570E+040 ,   379523.76528699504     
   2967592959.0000000      ,   7.3991466665963993E+040 ,   380023.20620202256     
   2971688959.0000000      ,   7.4088705518710305E+040 ,   380522.62762200914     
   2975440895.0000000      ,   7.4185941336839681E+040 ,   381022.03345611977     
   2979536895.0000000      ,   7.4283175107598809E+040 ,   381521.42877488054     
   2983190527.0000000      ,   7.4380407310698400E+040 ,   382020.81604209886     
   2987270143.0000000      ,   7.4477638636195952E+040 ,   382520.19880192896     
   2991013887.0000000      ,   7.4574869783315532E+040 ,   383019.58064560487     
   2995060735.0000000      ,   7.4672101741722928E+040 ,   383518.96665607736     
   2998837247.0000000      ,   7.4769335766774534E+040 ,   384018.36328089127     
   3002851327.0000000      ,   7.4866572713236748E+040 ,   384517.77491015039     
   3006660607.0000000      ,   7.4963813770547098E+040 ,   385017.20765283844     
   3010641919.0000000      ,   7.5061059133950056E+040 ,   385516.66251173650     
   3014541311.0000000      ,   7.5158309514949926E+040 ,   386016.14314115018     
   3018489855.0000000      ,   7.5255564680784919E+040 ,   386515.64834560856     
   3022422015.0000000      ,   7.5352825347117621E+040 ,   387015.18180077436     
   3026337791.0000000      ,   7.5450091651239770E+040 ,   387514.74421178165     
   3030302719.0000000      ,   7.5547364927715303E+040 ,   388014.34243298759     
   3034185727.0000000      ,   7.5644645434704083E+040 ,   388513.97779030818     
   3038126079.0000000      ,   7.5741934451261425E+040 ,   389013.65685300686     
   3042033663.0000000      ,   7.5839231720821317E+040 ,   389513.37830335338     
   3046006783.0000000      ,   7.5936538098741435E+040 ,   390013.14653448836     
   3049881599.0000000      ,   7.6033852873372123E+040 ,   390512.95789135958     
   3053887487.0000000      ,   7.6131176762280526E+040 ,   391012.81605941162     
   3057729535.0000000      ,   7.6228509231982334E+040 ,   391512.71829865436     
   3061768191.0000000      ,   7.6325851311414610E+040 ,   392012.66989373695     
   3065577471.0000000      ,   7.6423202509581400E+040 ,   392512.66832289053     
   3069591551.0000000      ,   7.6520563492838445E+040 ,   393012.71700853662     
   3073425407.0000000      ,   7.6617933135749785E+040 ,   393512.81017040514     
   3077472255.0000000      ,   7.6715311458817642E+040 ,   394012.94791379606     
   3081273343.0000000      ,   7.6812697081295185E+040 ,   394513.12314715574     
   3085352959.0000000      ,   7.6910089880895235E+040 ,   395013.33524241386     
   3089121279.0000000      ,   7.7007488913820886E+040 ,   395513.57935220352     
   3093217279.0000000      ,   7.7104894484105577E+040 ,   396013.85703804891     
   3096969215.0000000      ,   7.7202306071899069E+040 ,   396514.16562998487     
   3101057023.0000000      ,   7.7299723915980199E+040 ,   397014.50635438610     
   3104759807.0000000      ,   7.7397147036302011E+040 ,   397514.87417770445     
   3108855807.0000000      ,   7.7494575146631830E+040 ,   398015.26762984105     
   3112607743.0000000      ,   7.7592007163315874E+040 ,   398515.68114512030     
   3116703743.0000000      ,   7.7689442637067084E+040 ,   399016.11241599149     
   3120455679.0000000      ,   7.7786880808152798E+040 ,   399516.55754044687     
   3124551679.0000000      ,   7.7884321468607698E+040 ,   400017.01545037079     
   3128217599.0000000      ,   7.7981764114077981E+040 ,   400517.48355538823     
   3132313599.0000000      ,   7.8079208458056893E+040 ,   401017.96038399270     
   3136008191.0000000      ,   7.8176653719098507E+040 ,   401518.44192265644     
   3140104191.0000000      ,   7.8274098980906996E+040 ,   402018.92346525879     
   3143770111.0000000      ,   7.8371543350066014E+040 ,   402519.40042318898     
   3147866111.0000000      ,   7.8468985979903522E+040 ,   403019.86844791612     
   3151618047.0000000      ,   7.8566426494247812E+040 ,   403520.32560741191     
